name,description,location,latitude,longitude,call_number,photo_url
"클럽FF","source:kakao keyword export","서울 마포구 와우산로17길 12",37.5502708801726,126.922309605428,"",
"어썸레드","source:kakao keyword export","서울 마포구 잔다리로 12",37.55093641341638,126.92184832692499,"",
"어썸","source:kakao keyword export","서울 마포구 잔다리로 8",37.5508799336703,126.92227728665,"",
"B1 홍대","source:kakao keyword export","서울 마포구 와우산로17길 6",37.5502494954226,126.922674020445,"",
"클럽아우라","source:kakao keyword export","서울 마포구 와우산로21길 37",37.5522779648155,126.921796000265,"010-6667-6460",
"클럽 버뮤다","source:kakao keyword export","서울 마포구 와우산로 70",37.5506995087307,126.923310680981,"0503-7152-2592",
"클럽오션","source:kakao keyword export","서울 마포구 잔다리로 6",37.5508882092337,126.922530770877,"010-2746-3180",
"클럽퍼플","source:kakao keyword export","서울 마포구 와우산로17길 25",37.550068481672774,126.92144070678475,"",
"메이드","source:kakao keyword export","서울 마포구 잔다리로 5",37.5505304805297,126.922481348137,"",
"인클","source:kakao keyword export","서울 마포구 잔다리로 11",37.5505913006474,126.921802289213,"",
"레이저","source:kakao keyword export","서울 마포구 와우산로17길 18",37.5503724892258,126.922000557716,"010-5896-4586",
"빅팀","source:kakao keyword export","서울 마포구 와우산로 53",37.5492549050057,126.92284479387,"",
"라로사","source:kakao keyword export","서울 마포구 와우산로21길 28",37.5524341839576,126.92232094015,"",
"싱크홀 홍대점","source:kakao keyword export","서울 마포구 잔다리로 10",37.5509085984606,126.922023763994,"",
"헨즈클럽","source:kakao keyword export","서울 마포구 와우산로 64",37.55012645955772,126.92328863505837,"",
"클럽AOR","source:kakao keyword export","서울 마포구 서교동 326-11",37.5552636911576,126.930130339354,"",
"몽스","source:kakao keyword export","서울 마포구 와우산로17길 14",37.550352759891,126.922140903654,"",
"도즈서울","source:kakao keyword export","서울 마포구 잔다리로 7",37.55058255827296,126.9222074325401,"",
"엔비2","source:kakao keyword export","서울 마포구 와우산로 72",37.55086714129896,126.92338293572418,"",
"사보타지","source:kakao keyword export","서울 마포구 와우산로17길 22",37.55027594924282,126.92179922370765,"0502-5552-2568",
"클럽엑스엑스 2호점","source:kakao keyword export","서울 마포구 와우산로17길 10",37.5502836428384,126.922535923229,"",
"재머스","source:kakao keyword export","서울 마포구 와우산로 120",37.5531281205314,126.926815325412,"",
"모데시","source:kakao keyword export","서울 마포구 와우산로 64",37.5502210547517,126.923273826605,"",
"케이크팝","source:kakao keyword export","서울 마포구 와우산로21길 31",37.5522880717922,126.922092491317,"010-6768-6665",
"매드홀릭2","source:kakao keyword export","서울 마포구 잔다리로 19-6",37.5504645306635,126.920856355595,"",
"브라운","source:kakao keyword export","서울 마포구 양화로6길 21",37.5491777638406,126.915453010724,"02-3141-2330",
"뉴플로우","source:kakao keyword export","서울 마포구 와우산로21길 19-12",37.5519361434484,126.922642854236,"",
"퍼시픽","source:kakao keyword export","서울 마포구 잔다리로 6",37.5508882092337,126.922530770877,"010-8831-3753",
"클럽레몬","source:kakao keyword export","서울 마포구 와우산로 77",37.5513669910895,126.923068951013,"",
"37.2클럽","source:kakao keyword export","서울 마포구 양화로 128",37.5543497293279,126.920999370249,"",
"신촌클럽","source:kakao keyword export","서울 서대문구 연세로5다길 16",37.5565816930334,126.934573493148,"",
"허슬","source:kakao keyword export","서울 마포구 와우산로 73",37.5510191677003,126.92301046187,"",
"ATM","source:kakao keyword export","서울 마포구 와우산로 79",37.5515382248236,126.923136675462,"",
"애드 서울","source:kakao keyword export","서울 마포구 잔다리로 3",37.55059189672905,126.92270761651031,"",
"이십오","source:kakao keyword export","서울 마포구 와우산로17길 5",37.5500638624765,126.922632341099,"",
"모도라운지","source:kakao keyword export","서울 마포구 와우산로21길 20-5",37.5526353351489,126.922669292142,"",
"소버","source:kakao keyword export","서울 마포구 어울마당로 42",37.5487444562727,126.920754064146,"010-2409-4196",
"클럽웨티","source:kakao keyword export","서울 마포구 잔다리로 6",37.5509233481303,126.922530734508,"",
"캐치라이트","source:kakao keyword export","서울 마포구 와우산로21길 31",37.5522601602864,126.922121944184,"",
"클럽샤프","source:kakao keyword export","서울 마포구 동교로 63",37.5536060770259,126.909259843194,"",
"틴팬유로","source:kakao keyword export","서울 마포구 잔다리로 3",37.5505197754296,126.922644318092,"",
"벨류","source:kakao keyword export","서울 마포구 잔다리로 6",37.5508882092337,126.922530770877,"010-5208-5319",
"HMV","source:kakao keyword export","서울 마포구 잔다리로 20",37.5509474531904,126.920837738313,"",
"아우라2","source:kakao keyword export","서울 마포구 잔다리로 14",37.5509552016121,126.921648002534,"",
"에이스","source:kakao keyword export","서울 마포구 잔다리로 3",37.550532398285,126.922657884955,"",
"코너펍","source:kakao keyword export","서울 마포구 와우산로19길 16",37.5513412413991,126.922272280933,"02-338-5225",
"웨일홀덤펍","source:kakao keyword export","서울 마포구 월드컵북로2길 91",37.5586435918118,126.924691236012,"010-3358-3708",
"몬스터치즈떡볶이펍","source:kakao keyword export","서울 마포구 와우산로29길 59",37.55595364516632,126.92680916703176,"02-332-2245",
"럭키데이즈 홀덤펍","source:kakao keyword export","서울 마포구 와우산로29바길 11-3",37.5557965471516,126.926287589172,"010-7987-0111",
"제이케이펍","source:kakao keyword export","서울 마포구 어울마당로5길 46",37.5499365434956,126.918208852937,"010-3057-7305",
"웨일펍","source:kakao keyword export","서울 마포구 독막로 72",37.5475997175569,126.921398033145,"",
"샤크펍","source:kakao keyword export","서울 마포구 와우산로21길 19-7",37.551988598128,126.922943827172,"",
"서울펍","source:kakao keyword export","서울 마포구 와우산로 73",37.5510173657116,126.923010463723,"010-3854-1107",
"이노호스텔&펍라운지 홍대점","source:kakao keyword export","서울 마포구 월드컵로8길 37-7",37.5536818850987,126.914248313722,"070-7543-8225",
"캐슬에이 홀덤펍","source:kakao keyword export","서울 마포구 와우산로21길 19-11",37.5518624511108,126.922932640254,"",
"펍그린당구클럽","source:kakao keyword export","서울 마포구 잔다리로 12",37.55089588275823,126.92186987087007,"0507-1385-0122",
"펍오두막","source:kakao keyword export","서울 서대문구 연세로11길 29",37.558852541832,126.935182671464,"",
"다트펍","source:kakao keyword export","서울 마포구 와우산로21길 10",37.5525547087121,126.923380076506,"",
"컨벤트펍","source:kakao keyword export","서울 마포구 와우산로17길 19-22",37.5493800350603,126.921314685479,"",
"갤러리펍제이","source:kakao keyword export","서울 마포구 와우산로 133",37.5538082994801,126.928161393478,"",
"어반스페이스드로잉카페앤펍","source:kakao keyword export","서울 마포구 와우산로25길 7",37.5536411044186,126.925877771186,"",
"코너펍2","source:kakao keyword export","서울 마포구 와우산로21길 19-7",37.5520012364567,126.92298115964,"",
"코너펍라운지","source:kakao keyword export","서울 마포구 와우산로21길 19-7",37.5519976302527,126.922977768308,"",
"플레이어스 홀덤펍","source:kakao keyword export","서울 마포구 어울마당로 55-8",37.5503093569368,126.920555499278,"",
"스포츠펍 비어필드 홍대","source:kakao keyword export","서울 마포구 어울마당로 60",37.5504063361844,126.921410929101,"0503-7152-6245",
"예나스펍","source:kakao keyword export","서울 마포구 어울마당로 60",37.5503946051426,126.921383781652,"",
"더블업홀덤펍","source:kakao keyword export","서울 서대문구 연세로9길 16",37.5586168577257,126.935873262238,"",
"ABC피자&펍","source:kakao keyword export","서울 마포구 와우산로17길 25",37.5500774916426,126.921440697329,"",
"ES홀덤펍 홍대점","source:kakao keyword export","서울 마포구 홍익로5안길 16",37.5539051289516,126.921738846195,"",
"더펍(Thepub)","source:kakao keyword export","서울 마포구 와우산로 65",37.5504108931692,126.922856050511,"",
"쿠시무라펍앤키친","source:kakao keyword export","서울 마포구 독막로6길 5",37.547693614188,126.91771339265,"02-6958-5454",
"펍프리바다727","source:kakao keyword export","서울 마포구 양화로6길 38",37.5487891070137,126.916259172123,"",
"네오치킨&펍","source:kakao keyword export","서울 마포구 창전로 37",37.5459051378214,126.931869274561,"02-714-5550",
"펍스테이션","source:kakao keyword export","서울 마포구 양화로 81",37.55202579248017,126.91668332647842,"010-3125-2016",
"레일로드펍","source:kakao keyword export","서울 마포구 와우산로32길 24",37.5546338526835,126.931598769618,"",
"404꼬치펍","source:kakao keyword export","서울 마포구 독막로7길 48",37.5499125175426,126.919962936078,"",
"미믹홀덤펍 홍대점","source:kakao keyword export","서울 마포구 잔다리로3안길 31",37.5502167292784,126.919483921054,"",
"다트펍 신촌상회","source:kakao keyword export","서울 서대문구 연세로7길 18",37.557789740335,126.935869443988,"010-9404-1703",
"쉬바펍","source:kakao keyword export","서울 서대문구 연세로 42-24",37.5592434967148,126.938403409488,"",
"에이시스홀덤펍","source:kakao keyword export","서울 서대문구 연세로7안길 10-5",37.5583377241281,126.936197189711,"010-9678-3605",
"스팀펑크락 라이브펍","source:kakao keyword export","서울 서대문구 연세로9길 13",37.5584520858105,126.93607712364,"0503-7150-2893",
"TX홀덤펍","source:kakao keyword export","서울 서대문구 연세로5다길 8",37.5564504435283,126.935110056722,"",
"헤즈업 홀덤펍 신촌점","source:kakao keyword export","서울 서대문구 연세로7길 14",37.5577853347887,126.936052794304,"010-9497-3083",
"뉴욕11번가 스트리트펍&치킨클럽","source:kakao keyword export","서울 서대문구 연세로11길 35",37.5588667171427,126.934745790129,"02-337-9572",
"오로라펍앤포차","source:kakao keyword export","서울 서대문구 연세로7안길 7",37.5580268784433,126.936194059438,"",
"조이펍","source:kakao keyword export","서울 마포구 토정로 314",37.53970611231073,126.94354176500367,"02-706-8223",
"부엉이카페앤펍","source:kakao keyword export","서울 마포구 희우정로 60",37.5518299644013,126.905500297194,"",
"펍42","source:kakao keyword export","서울 마포구 토정로 298",37.5406226739706,126.942185525719,"010-5266-6134",
"컴온캐주얼펍","source:kakao keyword export","서울 마포구 새창로4길 9",37.5416766513369,126.951792493039,"02-717-1515",
"W펍","source:kakao keyword export","서울 마포구 마포대로10길 12",37.5470944142982,126.954192537982,"",
"어텐션","source:kakao keyword export","서울 마포구 와우산로17길 11",37.5500727172522,126.922395816667,"010-5121-0778",
"오백만원하고도안바꾼 천년묵은저빗소리","source:kakao keyword export","서울 마포구 와우산로17길 19-22",37.5493728421584,126.92133732587,"",
"러브시그널","source:kakao keyword export","서울 마포구 와우산로 72",37.5508734651679,126.923408957527,"",
"힙합플레이야","source:kakao keyword export","서울 마포구 토정로11길 31",37.5458324516292,126.924925916814,"",
"파우스트","source:kakao keyword export","서울 용산구 보광로60길 7",37.53402065415381,126.99453755384123,"",
"이태원별밤","source:kakao keyword export","서울 용산구 이태원로 179",37.53469188571662,126.99424107287861,"010-8983-7774",
"핑서울","source:kakao keyword export","서울 용산구 이태원로 195",37.53481718545269,126.99565873470746,"010-2548-0901",
"OWL라운지","source:kakao keyword export","서울 용산구 이태원로27가길 9",37.5349541014825,126.994768296218,"02-795-1533",
"쉘터","source:kakao keyword export","서울 용산구 이태원로27가길 37",37.534876529626125,126.99309832179863,"",
"왕소라클럽","source:kakao keyword export","서울 용산구 우사단로 37",37.5334936057188,126.995409903041,"",
"2F","source:kakao keyword export","서울 용산구 보광로59길 10",37.5340133939113,126.993505708801,"",
"케이크샵","source:kakao keyword export","서울 용산구 이태원로 134",37.5339085281868,126.988830739917,"",
"SX Seoul","source:kakao keyword export","서울 용산구 이태원로 208",37.5345253040599,126.997047000715,"",
"클럽개더링","source:kakao keyword export","서울 용산구 이태원로27가길 13",37.5349396770003,126.994580480907,"",
"문나이트","source:kakao keyword export","서울 용산구 이태원로27길 6",37.5350262160039,126.995614597019,"",
"레드룸","source:kakao keyword export","서울 용산구 이태원로27가길 13",37.534935170433826,126.99454653852683,"010-8824-9272",
"퀸(QUEEN)","source:kakao keyword export","서울 용산구 우사단로12길 7",37.5336495015505,126.996035559965,"",
"이태원 클럽 로드","source:kakao keyword export","서울 용산구 이태원로 221",37.5353650604338,126.998229311992,"010-2502-5876",
"뮤라운지","source:kakao keyword export","서울 용산구 이태원로27가길 41",37.5348675140257,126.993003283138,"",
"그레인하우스","source:kakao keyword export","서울 용산구 우사단로 40",37.53366030327347,126.99574026287536,"070-4009-9430",
"커넥트1","source:kakao keyword export","서울 용산구 이태원로 183-4",37.5348027249842,126.994582753661,"",
"블라인드","source:kakao keyword export","서울 용산구 이태원로19길 6-4",37.5347629425016,126.992123047418,"",
"피버","source:kakao keyword export","서울 용산구 보광로60길 7",37.534047684593,126.994546603151,"",
"OUI","source:kakao keyword export","서울 용산구 이태원로 173-7",37.5348675261763,126.99321146488,"",
"클럽토스트","source:kakao keyword export","서울 용산구 보광로 124",37.5338260257386,126.99427960729,"",
"BBCB","source:kakao keyword export","서울 용산구 보광로60길 22",37.53390356277286,126.9954517400105,"",
"올드타운","source:kakao keyword export","서울 용산구 우사단로14길 10",37.5339234140772,126.996288980915,"",
"돔스타","source:kakao keyword export","서울 용산구 이태원로 187",37.5347162380733,126.994786415559,"",
"클럽레드룸","source:kakao keyword export","서울 용산구 우사단로 46",37.534204511274,126.995836401985,"",
"여보","source:kakao keyword export","서울 용산구 이태원로 242",37.5362516579228,127.000316804161,"",
"트레저바이오프더레코드","source:kakao keyword export","서울 용산구 이태원로27가길 13",37.5349414781697,126.994562377998,"",
"다이브","source:kakao keyword export","서울 용산구 이태원로27가길 37",37.5348675196183,126.993098322629,"",
"BADROOM","source:kakao keyword export","서울 용산구 이태원로 187",37.5347279509339,126.994783020482,"010-7756-7399",
"투칼라","source:kakao keyword export","서울 용산구 이태원로 183-4",37.534827953214,126.994587277523,"",
"춘향라운지클럽","source:kakao keyword export","서울 용산구 이태원로 187",37.5347018220603,126.994786416562,"",
"로쏘 서울","source:kakao keyword export","서울 용산구 대사관로31길 17",37.534065691211,127.005736250762,"",
"레거시","source:kakao keyword export","서울 용산구 보광로60길 22",37.5339152746989,126.995423454096,"",
"핑크엘리펀트","source:kakao keyword export","서울 용산구 이태원로 174",37.5342800749324,126.993234146402,"",
"미드나잇라운지클럽","source:kakao keyword export","서울 용산구 우사단로 46",37.5341937000589,126.995859030833,"",
"퍼그","source:kakao keyword export","서울 용산구 이태원로 174",37.5342728669254,126.993234147053,"",
"클럽놈코","source:kakao keyword export","서울 용산구 보광로59길 10",37.5340133939113,126.993505708801,"",
"떠그라이프","source:kakao keyword export","서울 용산구 우사단로12길 13",37.533721593778,126.996415708299,"",
"매시브클럽","source:kakao keyword export","서울 용산구 이태원로 211",37.53494697793385,126.99727553168017,"",
"이태원어셈블","source:kakao keyword export","서울 용산구 이태원로 211",37.5350298671228,126.997153334768,"",
"클럽지니","source:kakao keyword export","서울 용산구 우사단로 36",37.5334152317018,126.995759510624,"02-790-1285",
"폰에잇라운지","source:kakao keyword export","서울 용산구 이태원로27나길 40",37.534993820592,126.996895371368,"1577-7651",
"클럽스커트","source:kakao keyword export","서울 용산구 우사단로 46",37.5342261354548,126.995840926434,"",
"앤와이 라운지바앤클럽","source:kakao keyword export","서울 용산구 이태원로 134",37.533919338913,126.988817161407,"02-792-7367",
"클럽사이","source:kakao keyword export","서울 용산구 대사관로31길 21",37.5343377924957,127.005756637064,"",
"와이키키 비치펍","source:kakao keyword export","서울 용산구 이태원로 173-7",37.5348756358332,126.993222778372,"",
"필리스펍","source:kakao keyword export","서울 용산구 이태원로 136-1",37.533966210483705,126.98902533364569,"",
"미유펍","source:kakao keyword export","서울 용산구 이태원로 165-6",37.5347512563142,126.992536017225,"010-2543-6413",
"롱아일랜드펍","source:kakao keyword export","서울 용산구 이태원로 143-13",37.5345825183642,126.989278681012,"",
"더비틀즈 라이브펍","source:kakao keyword export","서울 용산구 이태원로 243",37.5368048726784,127.000011314518,"",
"이태원펍","source:kakao keyword export","서울 용산구 이태원로27가길 50",37.5350044417282,126.992602746042,"",
"킹펍","source:kakao keyword export","서울 용산구 보광로60길 22",37.5338909496356,126.995474368932,"",
"스크루지펍","source:kakao keyword export","서울 용산구 이태원로 159-1",37.5345205427065,126.991677294506,"",
"쇼플러스펍","source:kakao keyword export","서울 용산구 녹사평대로 220",37.5372051072621,126.987044807786,"02-792-1990",
"골목바이닐앤펍","source:kakao keyword export","서울 용산구 녹사평대로 222",37.5373429624388,126.987064018756,"010-3286-5921",
"탑펍앤이자카야","source:kakao keyword export","서울 용산구 이태원로27길 6",37.5350154031522,126.995591969157,"",
"지니펍 칵테일바 해방촌본점","source:kakao keyword export","서울 용산구 신흥로 37",37.541786705309036,126.98716056236212,"0503-7150-1126",
"펍피맥 용산점","source:kakao keyword export","서울 용산구 한강대로40길 30",37.530078027320805,126.9709378771114,"02-6405-2085",
"비스타펍레스토랑","source:kakao keyword export","서울 서초구 올림픽대로 2085-14",37.5117082467225,126.995027803787,"02-537-2405",
"펍1번가","source:kakao keyword export","서울 용산구 한강대로 276",37.5428826116314,126.97289726717,"02-749-3666",
"1979라이브펍 2호점","source:kakao keyword export","서울 용산구 새창로 213-9",37.530664624771,126.967647657573,"02-792-1979",
"락교 라이브펍","source:kakao keyword export","서울 강남구 논현로163길 11",37.524013819617,127.027230525305,"010-4757-0312",
"펍 카와우소","source:kakao keyword export","서울 중구 세종대로 80",37.56323703691934,126.97705284456636,"070-7777-5502",
"더치킨앤펍","source:kakao keyword export","서울 중구 동호로10길 18",37.5546251186883,127.012059620606,"02-3298-6624",
"더펍브로스","source:kakao keyword export","서울 종로구 종로10길 13",37.5694974775447,126.984569310229,"",
"레츠펍 시청점","source:kakao keyword export","서울 중구 남대문로1길 47",37.5631938352627,126.977291678323,"010-6496-0688",
"몽키테라스카페&펍","source:kakao keyword export","서울 강남구 압구정로50길 25",37.526623780629,127.037910926676,"0503-7150-7889",
"서울레코드펍","source:kakao keyword export","서울 종로구 삼일대로20길 17",37.5697601512904,126.988872930358,"",
"카페&펍연무장 동대문점","source:kakao keyword export","서울 중구 을지로 264",37.5657645476428,127.007072046565,"010-5203-8846",
"제인펍","source:kakao keyword export","서울 용산구 한강대로 304",37.5454205964206,126.972335083712,"",
"리치펍","source:kakao keyword export","서울 용산구 새창로 132",37.5356632613339,126.9612709963788,"",
"노들펍","source:kakao keyword export","서울 용산구 양녕로 445",37.5176637404971,126.958036126208,"0507-1343-7951",
"감자엔라운지앤펍","source:kakao keyword export","서울 중구 명동10길 19-27",37.5631717435857,126.985836023788,"02-775-0424",
"1979라이브펍 4호점","source:kakao keyword export","서울 용산구 한강대로10길 15",37.5239421852994,126.964297513569,"",
"스코어포차&펍","source:kakao keyword export","서울 중구 퇴계로76길 30",37.5639798081118,127.015203179105,"",
"11-14번지 캐주얼펍","source:kakao keyword export","서울 종로구 청계천로 73",37.568661514889776,126.98585649105377,"02-722-3277",
"윙즈홀덤펍","source:kakao keyword export","서울 강남구 강남대로152길 42",37.5180014730185,127.022756834106,"0503-7152-8996",
"디씨펍","source:kakao keyword export","서울 중구 마른내로 72",37.5638077210829,126.995803062939,"02-2264-3355",
"러너펍 논현점","source:kakao keyword export","서울 강남구 학동로2길 56",37.5079361912232,127.023596385101,"",
"T&T펍","source:kakao keyword export","서울 중구 다산로 213",37.5623427560049,127.014742188425,"",
"이에스홀덤펍 종로점","source:kakao keyword export","서울 종로구 종로12길 14",37.5694480511335,126.985584675436,"",
"레드홀덤펍","source:kakao keyword export","서울 종로구 삼일대로20길 20",37.5695916810159,126.989042747554,"",
"A펍","source:kakao keyword export","서울 강남구 언주로172길 56",37.5267759247447,127.038299039652,"",
"시저스홀덤펍","source:kakao keyword export","서울 강남구 강남대로122길 5",37.5076658623567,127.023733152442,"",
"러너펍 압구정로데오점 홀덤펍","source:kakao keyword export","서울 강남구 선릉로157길 29",37.526242844913,127.037320199379,"010-5134-8904",
"보니스피자 용산점","source:kakao keyword export","서울 용산구 신흥로3길 2",37.54119202127253,126.9869400183146,"02-792-0303",
"JR PUB","source:kakao keyword export","서울 용산구 보광로 127",37.5340206189148,126.993822502898,"02-793-3567",
"목넘김","source:kakao keyword export","서울 용산구 신흥로 89",37.54567701731419,126.98540820025984,"02-6401-4673",
"크라운비","source:kakao keyword export","서울 용산구 이태원로26길 19",37.5336331750403,126.993570231792,"010-4172-0597",
"까르마","source:kakao keyword export","서울 용산구 신흥로 28",37.5409794039708,126.98710978263,"02-6465-0651",
"토토가요","source:kakao keyword export","서울 서초구 서초대로77길 45",37.5015676313061,127.024834999856,"",
"클럽페이스","source:kakao keyword export","서울 서초구 강남대로69길 8",37.5018442782194,127.024653012722,"010-7408-5170",
"클럽아르떼","source:kakao keyword export","서울 서초구 강남대로 415",37.499553558740885,127.02633163043477,"010-8675-9636",
"어썸","source:kakao keyword export","서울 강남구 역삼동 810-5",37.503424352069466,127.02600614586326,"",
"힙합클럽NB","source:kakao keyword export","서울 서초구 서초대로77길 45",37.5015604242106,127.02483047379,"02-596-5444",
"클럽트립","source:kakao keyword export","서울 서초구 강남대로69길 11",37.5015596122867,127.024402985871,"",
"클럽케이지","source:kakao keyword export","서울 서초구 강남대로 405",37.498828173701,127.026666115761,"",
"클럽 글리치","source:kakao keyword export","서울 서초구 서초대로77길 37",37.5009909099654,127.025201224047,"010-4773-2967",
"클럽헤븐","source:kakao keyword export","서울 서초구 강남대로69길 11",37.5014776491718,127.024264987143,"",
"차브","source:kakao keyword export","서울 강남구 봉은사로4길 36",37.50248621832148,127.0268415804634,"",
"클럽임팩트","source:kakao keyword export","서울 서초구 서초대로77길 37",37.5009873300136,127.025088131736,"",
"튜브클럽","source:kakao keyword export","서울 강남구 봉은사로 105",37.5049715906185,127.025023868604,"010-2809-2893",
"클럽슬레이","source:kakao keyword export","서울 서초구 강남대로69길 11",37.5014758467026,127.024267248396,"",
"클럽라우드","source:kakao keyword export","서울 서초구 강남대로69길 11",37.5014740442263,127.02426950965,"",
"코요테어글리라운지","source:kakao keyword export","서울 서초구 서초대로77길 54",37.5026055632001,127.024962008417,"",
"XS","source:kakao keyword export","서울 강남구 봉은사로 150",37.5059052725386,127.031545441206,"02-562-8027",
"클럽모빌","source:kakao keyword export","서울 강남구 봉은사로 115",37.5052830919348,127.026161734303,"1544-9961",
"클럽스티브","source:kakao keyword export","서울 강남구 강남대로 478",37.5051068151596,127.024673312043,"",
"클럽레이스","source:kakao keyword export","서울 서초구 강남대로 597",37.51507560520138,127.01944401562663,"070-8095-9874",
"클럽저스티스&카페","source:kakao keyword export","서울 서초구 서초중앙로26길 18",37.4957460413118,127.015345391074,"",
"강남클럽 잭&리빈","source:kakao keyword export","서울 강남구 강남대로 588",37.514368133073,127.020531962753,"010-6478-4442",
"클럽사운드","source:kakao keyword export","서울 강남구 도산대로 114",37.5164241011794,127.021224786145,"010-5560-1355",
"줄리아나나이트","source:kakao keyword export","서울 강남구 논현로 736",37.5178738708262,127.029379771502,"",
"원파티서울","source:kakao keyword export","서울 강남구 남부순환로359길 14",37.4859248771637,127.036647729645,"",
"뷰직","source:kakao keyword export","서울 강남구 도산대로11길 11",37.51815200504079,127.02241979113818,"",
"잭앤리빈","source:kakao keyword export","서울 강남구 강남대로 588",37.5143699350808,127.020531963247,"",
"타임즈 압구정","source:kakao keyword export","서울 강남구 압구정로54길 25",37.5262205632452,127.03934633198,"",
"잭리빈클럽","source:kakao keyword export","서울 강남구 강남대로 588",37.514368133073,127.020531962753,"010-5170-4947",
"클럽822","source:kakao keyword export","서울 강남구 언주로 640",37.5139734230801,127.03591038525,"010-9567-5919",
"클럽 피크","source:kakao keyword export","서울 강남구 도산대로 152",37.5181622500583,127.025230752211,"",
"뱅가드 무토","source:kakao keyword export","서울 강남구 봉은사로 410",37.5103373181803,127.045373287026,"",
"강남잭리빈클럽","source:kakao keyword export","서울 강남구 강남대로 588",37.514368133073,127.020531962753,"010-5170-4947",
"플러스레이블","source:kakao keyword export","서울 강남구 도산대로 114",37.5164286000944,127.021258721741,"",
"클럽 E1","source:kakao keyword export","서울 강남구 도산대로 152",37.5181622500652,127.025230752211,"",
"클럽 어스","source:kakao keyword export","서울 강남구 논현로 736",37.5178135375797,127.02924287689,"010-9975-0270",
"플러스82","source:kakao keyword export","서울 강남구 도산대로 539",37.5251540459067,127.052550021978,"",
"나이트사파리","source:kakao keyword export","서울 강남구 선릉로108길 9",37.5097247806158,127.044992885865,"02-1666-4820",
"캔디맨","source:kakao keyword export","서울 강남구 선릉로161길 11",37.527176512234,127.039388692403,"",
"홀 서울","source:kakao keyword export","서울 강남구 선릉로161길 20",37.5275307906093,127.038831142049,"",
"청담나이트클럽","source:kakao keyword export","서울 강남구 영동대로 737",37.52383601328147,127.05424711241656,"010-4634-9577",
"샴푸 나이트","source:kakao keyword export","서울 서초구 신반포로 162",37.5049363803267,127.002094557682,"",
"클럽오즈","source:kakao keyword export","서울 강남구 강남대로 606",37.5159377416547,127.02018400268,"",
"클럽팰리스","source:kakao keyword export","서울 강남구 언주로 640",37.5140166836356,127.035869686103,"",
"압구정힙합뮤지엄인트로","source:kakao keyword export","서울 강남구 언주로172길 65",37.5268873947524,127.039075169756,"",
"클럽나사","source:kakao keyword export","서울 강남구 도산대로 114",37.5164529357313,127.021211220579,"",
"왕스펍","source:kakao keyword export","서울 강남구 강남대로98길 11",37.5008246112399,127.02750369810458,"",
"이구펍 2호점","source:kakao keyword export","서울 강남구 테헤란로1길 26",37.5000028536602,127.02767529292,"02-567-2902",
"29펍 3호점","source:kakao keyword export","서울 서초구 강남대로 445",37.501989211843,127.025260367737,"02-535-2903",
"이구펍 4호점","source:kakao keyword export","서울 강남구 강남대로110길 14",37.50375500787789,127.02606620105381,"02-566-2904",
"아이러브펍 강남점","source:kakao keyword export","서울 강남구 테헤란로4길 45",37.49536633514783,127.03105588337041,"02-555-7999",
"아크펍","source:kakao keyword export","서울 서초구 서초대로74길 29",37.4948455541076,127.027411039864,"02-3472-2977",
"뮤지컬펍넘버스테이지","source:kakao keyword export","서울 강남구 강남대로96길 15",37.5000874176391,127.028227202109,"0502-5551-7066",
"아이러브펍 역삼점","source:kakao keyword export","서울 강남구 역삼로3길 20",37.49482297020881,127.03127503708569,"",
"C펍","source:kakao keyword export","서울 강남구 테헤란로19길 7",37.50058430611093,127.0334657410394,"",
"라틴펍 쿠바","source:kakao keyword export","서울 강남구 역삼로 130",37.4940797977759,127.03396491679,"010-4355-5414",
"엘카페라티노 마이애미라틴펍","source:kakao keyword export","서울 강남구 테헤란로14길 25",37.4976964985418,127.033756214544,"010-2173-7709",
"M3라운지펍","source:kakao keyword export","서울 강남구 강남대로 480",37.50527893449161,127.02454217549314,"",
"셔플펍","source:kakao keyword export","서울 서초구 서초대로77길 58",37.5025732470004,127.024387482679,"",
"와와펍","source:kakao keyword export","서울 강남구 역삼로3길 17",37.49462932438486,127.0310069531371,"02-568-9877",
"홀덤펍","source:kakao keyword export","서울 강남구 강남대로 480",37.5052852415283,127.024542177558,"",
"펍피맥 교대점","source:kakao keyword export","서울 서초구 반포대로30길 90",37.4926603328595,127.013365885069,"02-584-2085",
"리얼펍 강남1호역삼점","source:kakao keyword export","서울 강남구 도곡로7길 28",37.49257409177245,127.03439054059116,"",
"아크펍 강남2호점","source:kakao keyword export","서울 서초구 서운로 226",37.5030747136552,127.021791001659,"",
"비비펍 육회왕자연어공주 신논현점","source:kakao keyword export","서울 강남구 봉은사로1길 16",37.5058501055653,127.02485903811,"02-599-6606",
"하이롤러 홀덤펍 서초점","source:kakao keyword export","서울 서초구 강남대로47길 25",37.48843867766463,127.03033274539256,"0502-5552-6348",
"펍 뉴욕","source:kakao keyword export","서울 강남구 논현로63길 16",37.4930006000015,127.039116310109,"02-6404-5507",
"오픈골프펍 가맹사업본부","source:kakao keyword export","서울 강남구 봉은사로 129-1",37.506082743584,127.028082430858,"010-2954-9979",
"펍2010","source:kakao keyword export","서울 서초구 서운로 6",37.4847338386466,127.02991516241,"",
"소극장펍","source:kakao keyword export","서울 서초구 반포대로28길 77",37.49192611734927,127.01239894206796,"",
"빌리펍우정당구장","source:kakao keyword export","서울 서초구 서초대로 255",37.4927543905501,127.009759822235,"010-3237-1977",
"올타임 홀덤펍","source:kakao keyword export","서울 서초구 서초대로46길 99",37.4902068767039,127.013479653499,"",
"펍피맥 양재점","source:kakao keyword export","서울 서초구 남부순환로356길 50",37.4827789405141,127.038275440303,"",
"더펍사운드온 언주역점","source:kakao keyword export","서울 강남구 언주로 615",37.5106179941586,127.03620285232,"",
"액시스펍","source:kakao keyword export","서울 강남구 봉은사로 317",37.5099638862976,127.041608938447,"",
"아이언펍","source:kakao keyword export","서울 강남구 압구정로54길 14",37.526986424232106,127.03931845164391,"02-6339-5860",
"펀앤드펍","source:kakao keyword export","서울 강남구 선릉로86길 17",37.5035558060912,127.051127978833,"",
"러너펍 선릉점","source:kakao keyword export","서울 강남구 역삼로63길 23",37.5027166938618,127.051761862332,"",
"브라보펍","source:kakao keyword export","서울 강남구 삼성로85길 11",37.5045995756909,127.056186368158,"",
"브로즈펍","source:kakao keyword export","서울 강남구 선릉로62길 19",37.4976438915869,127.054082279183,"02-557-7890",
"휴머펍","source:kakao keyword export","서울 강남구 학동로77길 50",37.5219367096681,127.047978739074,"02-764-5558",
"더펍사운드온 대치점","source:kakao keyword export","서울 강남구 삼성로69길 11",37.501567529728995,127.0583792112176,"02-568-9190",
"동키동키홀덤펍","source:kakao keyword export","서울 강남구 선릉로86길 48",37.5041133200276,127.053630038405,"",
"사운드온더펍 개포점","source:kakao keyword export","서울 강남구 개포로 233",37.47902263991257,127.04811748374487,"",
"와니스펍","source:kakao keyword export","서울 서초구 논현로17길 22",37.4760452904632,127.044579261146,"",
"클럽 바이브","source:kakao keyword export","서울 강남구 도산대로 535",37.5251794444733,127.05216540593,"",
"클럽아이","source:kakao keyword export","서울 강남구 영동대로 737",37.5239603562425,127.054237021129,"",
"골프존 서울본사","source:kakao keyword export","서울 강남구 영동대로 735",37.52339075717057,127.05459634598716,"1577-4333",
"리발란스K피트니스","source:kakao keyword export","서울 강남구 학동로97길 20",37.5211414240547,127.055520040921,"02-548-3999",
"edm유학센터 강남본사","source:kakao keyword export","서울 서초구 서초대로78길 22",37.495894286461855,127.02758104830492,"02-595-5092",
"edm아이엘츠 어학원","source:kakao keyword export","서울 강남구 강남대로84길 16",37.49669018017043,127.03002623063165,"02-3444-8047",
"edm아트유학 강남지사","source:kakao keyword export","서울 강남구 강남대로84길 16",37.4966883787394,127.03002396821812,"02-599-1388",
"미도리 컴퍼니 EDM ASIA 에센셜 엔터테인먼트","source:kakao keyword export","서울 강남구 논현로128길 22-4",37.5134849857564,127.033146874899,"02-6448-5797",
"한국힙합문화협회","source:kakao keyword export","서울 강남구 봉은사로33길 33",37.51001655675508,127.03475934553973,"02-2606-2206",
"압구정 프리즘","source:kakao keyword export","서울 강남구 선릉로161길 20",37.5275271880902,127.038826614935,"",
"압구정무토라운지","source:kakao keyword export","서울 강남구 선릉로157길 12",37.5261152567319,127.039012546047,"010-8357-0135",
"테크인 로데오점","source:kakao keyword export","서울 강남구 도산대로49길 8",37.5233686126505,127.037430761259,"",
"에이비","source:kakao keyword export","서울 강남구 도산대로45길 8-8",37.5230679359812,127.036607065231,"",
"클럽가든","source:kakao keyword export","서울 강남구 신사동 661-11",37.527599184644,127.039080066288,"",
"레벨라운지앤클럽","source:kakao keyword export","서울 강남구 언주로 734",37.5207169327325,127.034569740848,"02-6716-8580",
"판타지","source:kakao keyword export","서울 강남구 도산대로 307",37.5222737708807,127.034891729105,"",
"클럽에디트","source:kakao keyword export","서울 강남구 도산대로 205",37.5205418970809,127.028746210948,"",
"클럽 유토피아","source:kakao keyword export","서울 강남구 도산대로 205",37.5205031456929,127.028780132248,"010-4389-6979",
"하이브클럽","source:kakao keyword export","서울 강남구 도산대로 205",37.5205274854386,127.028728106125,"",
"클럽메타","source:kakao keyword export","서울 강남구 도산대로 205",37.5205022452413,127.028777869491,"",
"강남클럽시카고","source:kakao keyword export","서울 강남구 도산대로 205",37.5205418970809,127.028746210948,"02-939-3301",
"강남 스팟나이트","source:kakao keyword export","서울 강남구 도산대로 205",37.5205418970809,127.028746210948,"",
"쇼쇼쇼","source:kakao keyword export","서울 강남구 도산대로 205",37.5205418970809,127.028746210948,"",
"에이아이오디오이미지네이션","source:kakao keyword export","서울 강남구 논현로 736",37.5178018082754,127.029308479869,"010-4539-3451",
"클럽매그넘","source:kakao keyword export","서울 강남구 도산대로 159",37.5191406047349,127.025854364554,"",
"키키","source:kakao keyword export","서울 광진구 아차산로33길 19",37.5411917757972,127.070071515558,"010-3574-7158",
"왓더펍","source:kakao keyword export","서울 강남구 선릉로146길 13",37.52200608344476,127.04079548449465,"02-3445-5310",
"잭슨홀덤펍 청담점","source:kakao keyword export","서울 강남구 선릉로152길 33",37.5245526881502,127.042300324525,"02-545-9991",
"어메이징브루잉컴퍼니 성수브루펍","source:kakao keyword export","서울 성동구 성수일로4길 4",37.542853777810855,127.04936922809692,"02-465-5208",
"카페&펍 연무장 성수점","source:kakao keyword export","서울 성동구 연무장길 36",37.542867381825,127.053309270784,"02-499-4434",
"마마리 펍","source:kakao keyword export","서울 성동구 연무장18길 16",37.5393186087881,127.06199432151,"02-465-7306",
"베네토피자앤펍","source:kakao keyword export","서울 성동구 마조로3길 7-1",37.55846003271825,127.03963943225207,"02-3395-8858",
"펍휘트니","source:kakao keyword export","서울 송파구 올림픽로10길 9",37.5107938246746,127.081241701885,"010-5044-4473",
"유한펍","source:kakao keyword export","서울 성동구 성수일로 19",37.5423333333719,127.04856549491,"02-464-9400",
"펍 마이마이","source:kakao keyword export","서울 송파구 백제고분로7길 24-7",37.5103141020082,127.081804445594,"010-8427-0088",
"아일랜드유끼펍","source:kakao keyword export","서울 광진구 동일로22길 63",37.5416778546451,127.067773842758,"02-498-5285",
"평상 라이브 재즈 펍","source:kakao keyword export","서울 강남구 삼성로 539",37.5098468476354,127.054650949337,"",
"꼬지펍","source:kakao keyword export","서울 성동구 마조로 17",37.5594689594285,127.040201336734,"010-9359-5478",
"사운드온더펍 뚝섬유원지점","source:kakao keyword export","서울 광진구 능동로4길 47",37.532430592919,127.069827989941,"02-455-9190",
"베네핏홀덤펍 건대점","source:kakao keyword export","서울 광진구 능동로13길 54",37.544267053962,127.069789239585,"",
"스페인클럽 이태원점","source:kakao keyword export","서울 용산구 이태원로 216",37.5347451709585,126.998167098511,"02-795-1118",
"뉴오더클럽 한남","source:kakao keyword export","서울 용산구 이태원로54길 58-14",37.5359155831043,127.000690177396,"02-790-5701",
"레노마아카이브클럽","source:kakao keyword export","서울 용산구 이태원로 240",37.536109300133525,127.0001640589858,"02-2211-6920",
"울프소셜클럽","source:kakao keyword export","서울 용산구 한남대로 158",37.5424550130675,127.002706636911,"070-792-5979",
"코튼클럽 사운즈한남","source:kakao keyword export","서울 용산구 대사관로 35",37.5337504606574,127.00214853932,"02-794-8435",
"데드비트클럽","source:kakao keyword export","서울 용산구 한남대로42길 12",37.54253069069872,127.00297028807411,"",
"우사단소셜클럽","source:kakao keyword export","서울 용산구 우사단로10길 95",37.531975505814835,127.00072408245282,"010-2648-4339",
"피터스클럽 한남","source:kakao keyword export","서울 용산구 한남대로42길 42",37.5438875908535,127.003167233142,"010-6489-6674",
"블루클럽 한남동점","source:kakao keyword export","서울 용산구 대사관로30길 21",37.5322979320657,127.005634290838,"02-793-3991",
"클럽하우스서울","source:kakao keyword export","서울 용산구 한남대로20길 7",37.5347233293476,127.007399489033,"010-4045-4717",
"이태원메이드","source:kakao keyword export","서울 용산구 이태원로 221",37.5353497456595,126.99838544966707,"010-9975-0270",
"#1675바이솔트코크","source:kakao keyword export","서울 광진구 동일로22길 95",37.5410822222075,127.069447947602,"",
"바나나VANANA","source:kakao keyword export","서울 광진구 아차산로 219",37.5410425110049,127.068015412004,"02-499-0101",
"스핀","source:kakao keyword export","서울 광진구 동일로22길 115",37.5407644699013,127.070461487098,"02-2205-3579",
"폴리스","source:kakao keyword export","서울 광진구 능동로 111",37.5410561525929,127.070864581215,"02-499-6400",
"트랜센댄스","source:kakao keyword export","서울 성동구 성수이로22길 61",37.543139634411,127.063898484859,"",
"러너스클럽 광진점","source:kakao keyword export","서울 광진구 광나루로 369",37.548242400493365,127.07106602321375,"",
"광진시니어클럽","source:kakao keyword export","서울 광진구 자양번영로7길 16-9",37.5362527958943,127.075431066211,"02-6463-1700",
"건대탁구클럽","source:kakao keyword export","서울 광진구 아차산로 324",37.53739582578233,127.07871232142294,"0503-7150-7944",
"스타당구클럽","source:kakao keyword export","서울 광진구 자양로18길 6",37.5373678433842,127.084017707948,"",
"더컷트클럽","source:kakao keyword export","서울 광진구 자양로13다길 9",37.5326543433048,127.079336390332,"",
"VIP캐롬클럽","source:kakao keyword export","서울 광진구 군자로 52",37.5476588388099,127.070590190646,"02-468-3949",
"영동당구클럽","source:kakao keyword export","서울 성동구 동일로 135-1",37.544682399633366,127.06508229294494,"02-499-1419",
"맥코이복싱클럽 건대점","source:kakao keyword export","서울 광진구 아차산로29길 75",37.5441022800709,127.069604641404,"02-466-6212",
"슈팅클럽 건대점","source:kakao keyword export","서울 광진구 동일로22길 81",37.54148628559524,127.06873772637066,"02-2215-2624",
"369당구클럽","source:kakao keyword export","서울 광진구 능동로19길 36",37.547457167586,127.071831379438,"",
"부즈클럽","source:kakao keyword export","서울 광진구 광나루로 430",37.5457482945069,127.07703843328,"02-446-4999",
"임용지탁구클럽","source:kakao keyword export","서울 광진구 군자로 100",37.5519110175034,127.07147691121,"02-499-3959",
"궁전헤어클럽","source:kakao keyword export","서울 광진구 군자로 81",37.5504409577567,127.07086441222,"02-466-6556",
"에딘버그골프클럽","source:kakao keyword export","서울 성동구 광나루로 320-1",37.547972702247066,127.06534542623218,"02-497-0085",
"베스트펜싱클럽","source:kakao keyword export","서울 광진구 뚝섬로 545",37.5347735330126,127.070773779424,"",
"바이크메니아 라이더스클럽","source:kakao keyword export","서울 광진구 자양번영로11길 4-8",37.5372935294376,127.076708400181,"",
"군자탁구클럽","source:kakao keyword export","서울 광진구 군자로 80",37.5502354214686,127.071045282355,"02-6082-7979",
"킴스안경클럽","source:kakao keyword export","서울 광진구 뚝섬로 681",37.5324656821581,127.085021404807,"02-3436-8664",
"웅진북클럽 광진02지역국","source:kakao keyword export","서울 광진구 자양로 116",37.5382473377949,127.083851236687,"02-453-0197",
"웅진북클럽 광진34지역국","source:kakao keyword export","서울 광진구 자양로 116",37.5382473377949,127.083851236687,"02-3437-9444",
"폰클럽 건대본점","source:kakao keyword export","서울 광진구 아차산로 244",37.5397230656813,127.07020705208,"02-465-4858",
"웅진북클럽 광진31지역국","source:kakao keyword export","서울 광진구 자양로 116",37.5382473377949,127.083851236687,"1577-1500",
"더화이브헌드레드 멤버십클럽","source:kakao keyword export","서울 광진구 능동로 90",37.5383639311794,127.070920870053,"02-2218-5800",
"점프스타줄넘기클럽 광진점","source:kakao keyword export","서울 광진구 자양로13길 47",37.5341833939208,127.081899526596,"010-2050-1611",
"웅진북클럽 광진33지역국","source:kakao keyword export","서울 광진구 자양로 116",37.5382473377949,127.083851236687,"02-457-7997",
"스타배드민턴클럽 동호회","source:kakao keyword export","서울 광진구 뚝섬로 613-1",37.532625457001274,127.07806581059084,"",
"웅진북클럽 광진32지역국","source:kakao keyword export","서울 광진구 자양로 116",37.5382473377949,127.083851236687,"02-3437-1730",
"한남당구클럽","source:kakao keyword export","서울 광진구 자양로11길 12",37.5347689619762,127.083305391495,"",
"클럽모나코 여성 롯데백화점건대스타시티점","source:kakao keyword export","서울 광진구 능동로 92",37.539133199523526,127.07122936303882,"02-2218-3328",
"올댓아너스클럽 아너스VIP라운지","source:kakao keyword export","서울 광진구 능동로 90",37.5381648374438,127.070875422607,"1600-0595",
"자양탁구클럽","source:kakao keyword export","서울 광진구 자양번영로 20",37.5313766205244,127.075367324024,"02-457-0972",
"현대밸리골프클럽","source:kakao keyword export","서울 광진구 뚝섬로 542",37.534549537109896,127.070181836396,"02-452-2550",
"OK당구클럽","source:kakao keyword export","서울 광진구 자양로13길 73-1",37.5332911945573,127.080895000562,"010-5057-5104",
"메이플탑 팬케이크클럽","source:kakao keyword export","서울 성동구 성수이로14길 14",37.54163856015925,127.05686817254602,"02-3789-4427",
"테니스클럽하우스24 어린이대공원점","source:kakao keyword export","서울 광진구 군자로 100",37.5519389586936,127.071459962688,"0503-7150-4912",
"일기장","source:kakao keyword export","서울 송파구 오금로11길 27",37.5152060404202,127.110155782809,"",
"텔리클럽","source:kakao keyword export","서울 송파구 오금로11길 30",37.5150697884727,127.110370495917,"",
"클럽IS","source:kakao keyword export","서울 송파구 오금로11길 11-8",37.5147955519457,127.108785394485,"",
"골든타워","source:kakao keyword export","서울 송파구 백제고분로7길 39",37.5109329697937,127.083268713722,"",
"에이","source:kakao keyword export","서울 송파구 백제고분로9길 23",37.5097375582733,127.081661305006,"",
"찬스나이트클럽","source:kakao keyword export","서울 강동구 천호대로 1135",37.5345710609994,127.137820259915,"",
"월드컵1번지콜라텍","source:kakao keyword export","서울 강동구 올림픽로 659",37.5403063794572,127.123569340286,"",
"클럽CU","source:kakao keyword export","서울 송파구 백제고분로7길 16",37.5104554997785,127.080580799867,"070-4148-8873",
"더이탈리안클럽","source:kakao keyword export","서울 송파구 잠실로 209",37.5138625211332,127.106357820338,"",
"스페인클럽 롯데월드몰점","source:kakao keyword export","서울 송파구 올림픽로 300",37.513734476336886,127.10342921315889,"02-3213-4612",
"시그마스포츠클럽","source:kakao keyword export","서울 송파구 올림픽로 289",37.514613743649974,127.10252440248789,"02-6953-4870",
"옵티멈스포츠클럽","source:kakao keyword export","서울 송파구 올림픽로35가길 16",37.5162837846713,127.103006291115,"02-2240-4602",
"캘리클럽 홈플러스잠실점","source:kakao keyword export","서울 송파구 올림픽로35가길 16",37.5162513485929,127.103006246532,"070-7614-2939",
"디에스티클럽","source:kakao keyword export","서울 송파구 백제고분로41길 38",37.50899001083678,127.10622536220214,"070-7576-4744",
"크레뮤클럽","source:kakao keyword export","서울 송파구 백제고분로45길 21",37.5098396922142,127.109152577432,"0507-1303-5483",
"클럽투","source:kakao keyword export","서울 송파구 송파대로 558",37.5150793177639,127.099651986315,"",
"큐볼당구클럽","source:kakao keyword export","서울 송파구 오금로11길 11-8",37.5149090688499,127.108795739344,"02-418-3949",
"애프터눈클럽","source:kakao keyword export","서울 송파구 올림픽로34길 20",37.5148908209072,127.110977643968,"010-3898-0717",
"송파시니어클럽","source:kakao keyword export","서울 송파구 백제고분로42길 5",37.5059629997157,127.109768974983,"02-424-1255",
"디깅클럽","source:kakao keyword export","서울 송파구 오금로11길 37",37.5156420577189,127.111190278022,"02-417-0706",
"잠동배드민턴클럽","source:kakao keyword export","서울 송파구 올림픽로35길 122",37.51774017593,127.100484667401,"010-5431-1155",
"블루클럽 방이시장점","source:kakao keyword export","서울 송파구 가락로 248",37.5101642172111,127.118339429658,"02-417-3659",
"멕시클럽","source:kakao keyword export","서울 송파구 오금로11길 37",37.515527781552784,127.11102948802622,"",
"가브리엘당구클럽","source:kakao keyword export","서울 송파구 송파대로 438",37.5059042717951,127.107000238344,"02-422-5877",
"블루클럽 신천역점","source:kakao keyword export","서울 송파구 올림픽로 145",37.511997050895,127.08702507106,"070-8222-0878",
"블루클럽 잠실점","source:kakao keyword export","서울 송파구 백제고분로19길 26",37.5069006301272,127.087485126562,"02-423-3933",
"망고당구클럽","source:kakao keyword export","서울 송파구 백제고분로41길 11",37.50703776364172,127.10795981472555,"010-2678-2787",
"씨엔지당구클럽","source:kakao keyword export","서울 송파구 올림픽로30길 5",37.515278244355066,127.10807122337933,"",
"카우치드로잉클럽","source:kakao keyword export","서울 송파구 올림픽로35가길 11",37.51632971270607,127.10406057868659,"010-6814-5257",
"멍냥클럽 잠실점","source:kakao keyword export","서울 송파구 오금로11길 45",37.5159654557214,127.112208780715,"010-2734-9371",
"아넥스골프클럽","source:kakao keyword export","서울 송파구 오금로19길 5",37.5104542224214,127.112937976858,"",
"예준당구클럽","source:kakao keyword export","서울 송파구 오금로11길 11",37.5146679870703,127.10837461386,"",
"클럽코라빈 롯데에비뉴엘 잠실점","source:kakao keyword export","서울 송파구 올림픽로 300",37.5128799787727,127.101752889611,"02-3213-2629",
"퀸노래클럽","source:kakao keyword export","서울 송파구 올림픽로32길 9",37.5152601100683,127.109175176123,"",
"이경우탁구클럽","source:kakao keyword export","서울 송파구 백제고분로40길 35",37.5018586746288,127.108082413499,"",
"코리아 당구클럽","source:kakao keyword export","서울 송파구 송파대로49길 59",37.50576775468875,127.0981998668153,"",
"클럽모나코 롯데에비뉴엘잠실점","source:kakao keyword export","서울 송파구 올림픽로 300",37.5125807668924,127.101844101334,"02-3213-2552",
"엠클럽골프","source:kakao keyword export","서울 송파구 가락로 99",37.501148801298896,127.10696178637072,"02-418-4220",
"허브미스다이어트클럽","source:kakao keyword export","서울 송파구 올림픽로35길 112",37.5179749167208,127.102026762736,"02-3432-5559",
"점프스타 줄넘기클럽 잠실점","source:kakao keyword export","서울 송파구 올림픽로35길 93",37.5180124849908,127.104402265657,"",
"블루클럽 잠실새내역점","source:kakao keyword export","서울 송파구 올림픽로 119",37.51207839671278,127.08418615948031,"070-4107-9881",
"아이비클럽 송파점","source:kakao keyword export","서울 송파구 가락로 157",37.50336505047331,127.11300872567263,"02-6397-5458",
"블루클럽 가락헬리오시티점","source:kakao keyword export","서울 송파구 송파대로 345",37.498285125818384,127.10425039925433,"02-443-8943",
"송파클럽","source:kakao keyword export","서울 송파구 가락로 51",37.499558423800856,127.10198360593692,"0507-1309-4867",
"송파시니어클럽 당미제과","source:kakao keyword export","서울 송파구 백제고분로42길 5",37.50593060140837,127.10972821208071,"02-424-1255",
"라디오헤드펍","source:kakao keyword export","서울 송파구 올림픽로32길 22-6",37.514022186285224,127.10911568636769,"02-417-0205",
"펍앤그릴","source:kakao keyword export","서울 송파구 올림픽로 300",37.5124459195943,127.102535010127,"02-3213-4643",
"보니스피자펍 본점","source:kakao keyword export","서울 송파구 송파대로49길 52",37.50605548619016,127.09890711065057,"02-517-8887",
"러너펍 방이점","source:kakao keyword export","서울 송파구 오금로11길 12",37.5144092342579,127.108554086675,"010-7376-6644",
"나쉬펍 잠실방이점","source:kakao keyword export","서울 송파구 오금로15길 7-20",37.5130889575835,127.108886978001,"0507-1350-2973",
"다이닝펍하영","source:kakao keyword export","서울 송파구 백제고분로45길 4-21",37.5100322693743,127.111338040671,"",
"에이스킹홀덤펍","source:kakao keyword export","서울 송파구 오금로11길 11-8",37.5149911922805,127.108652206084,"",
"사운드예술펍","source:kakao keyword export","서울 송파구 오금로11길 45",37.516026408531836,127.11254029524797,"010-8352-9154",
"뮤직펍 정자","source:kakao keyword export","서울 송파구 가락로 70",37.49995562157411,127.10421540210112,"0502-5551-9029",
"버터몽키조인펍","source:kakao keyword export","서울 송파구 백제고분로7길 41",37.5109056535488,127.083673603006,"02-6416-0202",
"윤익 다이닝펍","source:kakao keyword export","서울 송파구 송파대로30길 41-31",37.497364268631,127.120390956196,"010-4929-8498",
"데니스펍","source:kakao keyword export","서울 송파구 백제고분로15길 55",37.5103050847525,127.084376446543,"070-8952-6422",
"바이젠펍 삼전점","source:kakao keyword export","서울 송파구 백제고분로22길 4",37.5035548098748,127.089209313191,"",
"오비펍인 잠실새내점","source:kakao keyword export","서울 송파구 백제고분로7길 28-13",37.51015157250761,127.08230645399895,"",
"9G라운지펍","source:kakao keyword export","서울 송파구 올림픽로10길 22",37.509737870176004,127.08120888822144,"",
"몬스타즈펍","source:kakao keyword export","서울 송파구 올림픽로10길 14",37.5103614796911,127.081042168102,"",
"펍마이","source:kakao keyword export","서울 송파구 백제고분로7길 24-7",37.5103141020082,127.081804445594,"",
"휘스펍","source:kakao keyword export","서울 강동구 풍성로58길 12",37.5283964895757,127.135496472752,"",
"케이펍스테이크치킨","source:kakao keyword export","서울 송파구 법원로 114",37.48588206283131,127.12016900547583,"02-2283-1133",
"펍피맥 가락점","source:kakao keyword export","서울 송파구 양재대로62길 44",37.4961534980539,127.120212601872,"02-3402-2085",
"더펍사운드온 삼전역점","source:kakao keyword export","서울 송파구 백제고분로18길 25",37.5028422182976,127.084156561974,"02-422-9190",
"데블스램&펍 문정법조단지점","source:kakao keyword export","서울 송파구 송파대로 167",37.48476531344494,127.12231548195528,"02-2054-3405",
"스마일홀덤펍","source:kakao keyword export","서울 송파구 송파대로30길 11",37.4946828655198,127.118618056592,"010-8056-5354",
"더리얼펍 수서점","source:kakao keyword export","서울 강남구 광평로51길 8",37.4884432626246,127.102380075954,"02-3411-9436",
"로이드맥주홀덤펍","source:kakao keyword export","서울 강동구 올림픽로70길 61",37.5394017516094,127.12698947414789,"",
"펍200-8","source:kakao keyword export","서울 광진구 아차산로65길 6",37.5407162639486,127.094351024754,"02-444-1980",
"세븐브로이펍","source:kakao keyword export","서울 광진구 자양로 52-1",37.5327176199634,127.085495743091,"",
"리얼펍 가락몰점","source:kakao keyword export","서울 송파구 양재대로 932",37.49327742072481,127.11759133430598,"",
"사운드온더펍 강동구청점","source:kakao keyword export","서울 강동구 천호옛길 15",37.531064462284206,127.12130833342631,"",
"다이아 홀덤펍","source:kakao keyword export","서울 강동구 올림픽로70길 60",37.5389629741354,127.126980809633,"",
"펍대원","source:kakao keyword export","서울 강동구 천호대로161길 15",37.5380319118364,127.128947987882,"",
"일프로펍","source:kakao keyword export","서울 송파구 법원로 128",37.487110623997,127.121454319257,"",
"더펍사운드온 강변점","source:kakao keyword export","서울 광진구 구의강변로 106",37.53967252583561,127.09482606884346,"",
"일퍼센트 펍","source:kakao keyword export","서울 송파구 법원로 128",37.4868440104246,127.120491664305,"",
"사운드온더펍 광나루역점","source:kakao keyword export","서울 광진구 광장로 47",37.54699578270035,127.1024533120601,"02-6012-9190",
"나이너펍","source:kakao keyword export","서울 강동구 올림픽로70길 60",37.5389396819564,127.126856306969,"0502-5552-8593",
"위드펍 송파가락점","source:kakao keyword export","서울 송파구 동남로13길 47",37.4938511079578,127.124863295951,"",
"드렁큰플로리스트","source:kakao keyword export","서울 송파구 석촌호수로 116",37.5074774412778,127.089664122362,"02-416-1661",
"부즈나잇","source:kakao keyword export","서울 송파구 올림픽로32길 18-11",37.514112508838544,127.10887489173764,"010-8175-1154",
"에이스당구클럽","source:kakao keyword export","서울 광진구 자양로22길 24",37.5395134542173,127.084816686022,"",
"째즈클럽","source:kakao keyword export","서울 광진구 아차산로51길 12",37.5376299679591,127.085366707056,"02-447-0087",
"광진구스포츠클럽","source:kakao keyword export","서울 광진구 아차산로 415",37.537977107544,127.088689096256,"02-457-1515",
"킹스빌리어드클럽","source:kakao keyword export","서울 광진구 아차산로 401",37.5376258830866,127.087257378511,"",
"힐탁구클럽","source:kakao keyword export","서울 광진구 뚝섬로66길 7",37.5336474570837,127.090331292723,"",
"래지나색소폰클럽","source:kakao keyword export","서울 광진구 아차산로 401",37.5377006501434,127.087278963467,"",
"블루클럽 테크노마트점","source:kakao keyword export","서울 광진구 광나루로56길 85",37.53604062784422,127.095900863412,"02-3424-6411",
"JH줄넘기클럽","source:kakao keyword export","서울 광진구 능동로6길 14",37.5341115404875,127.068838441234,"010-2110-8575",
"스미스클럽 자양대리점","source:kakao keyword export","서울 광진구 자양번영로5길 8",37.5324697674563,127.075001854931,"",
"튼튼영어마스터클럽 광진자양학원","source:kakao keyword export","서울 광진구 능동로6길 14",37.5341863353777,127.068818144566,"02-444-6400",
"DC클럽","source:kakao keyword export","서울 광진구 광나루로56길 85",37.5359856926128,127.095869112771,"02-3424-2460",
"비스트복싱클럽","source:kakao keyword export","서울 광진구 아차산로 481",37.5409455115379,127.094983829934,"02-455-1282",
"짱스포츠클럽 스타키즈짐 구의점","source:kakao keyword export","서울 광진구 천호대로136길 50",37.5476321866407,127.08991928362,"010-5396-0639",
"캘리클럽유니버스 엔터식스 강변점","source:kakao keyword export","서울 광진구 광나루로56길 85",37.5359777322747,127.095685809482,"070-7007-0030",
"한국파워점핑줄넘기클럽 광장점","source:kakao keyword export","서울 광진구 광나루로 602",37.5417962759315,127.094708816668,"02-447-2011",
"쥬티윈드서핑클럽","source:kakao keyword export","서울 광진구 강변북로 2326",37.52704644045103,127.07944131868177,"0507-1399-8190",
"스포츠당구클럽","source:kakao keyword export","서울 광진구 구의강변로 88",37.5383765189373,127.094161383198,"",
"서퍼스트클럽","source:kakao keyword export","서울 광진구 강변북로 2326",37.527208460951,127.078331678769,"",
"스미스클럽 수원지사","source:kakao keyword export","서울 광진구 구의강변로 64",37.5358297383499,127.092583221066,"02-449-8811",
"스피드클럽","source:kakao keyword export","서울 광진구 강변북로 2326",37.526925894691026,127.07916062788304,"02-456-6913",
"윈드서핑하이윈드클럽","source:kakao keyword export","서울 광진구 강변북로 2326",37.52705974246323,127.07841184586857,"",
"코메디클럽","source:kakao keyword export","서울 광진구 구의강변로 38",37.534165224853,127.091897790786,"",
"포토클럽","source:kakao keyword export","서울 광진구 광나루로56길 85",37.5357010612649,127.095764656407,"02-3424-8897",
"지너스당구클럽","source:kakao keyword export","서울 광진구 강변역로4길 10",37.5353785577602,127.093447075696,"",
"하이윈드 카이트보딩클럽","source:kakao keyword export","서울 광진구 강변북로 2326",37.5270157211238,127.07956799211337,"010-5215-6761",
"대한에어로빅힙합협회","source:kakao keyword export","서울 송파구 올림픽로 424",37.5155083023112,127.128465821109,"02-420-2241",
"릿쳐","source:kakao keyword export","서울 송파구 마천로23길 6",37.5036269254276,127.139445081266,"0507-1353-8121",
"답십리돈텔마마나이트","source:kakao keyword export","서울 동대문구 고미술로 99",37.56439572132373,127.0573721706102,"02-2244-1050",
"장안동경남호텔나이트","source:kakao keyword export","서울 동대문구 장한로 114",37.5705754520499,127.070995548621,"010-5715-9400",
"제니아무도장","source:kakao keyword export","서울 동대문구 고미술로 99",37.5642514561917,127.057589378365,"",
"나인텍","source:kakao keyword export","서울 광진구 천호대로 560",37.5563654435475,127.080066600036,"",
"블루클럽 성수역점","source:kakao keyword export","서울 성동구 아차산로 93",37.5452418110864,127.054632646003,"02-464-7656",
"홀덤펍 빅스택 건대점","source:kakao keyword export","서울 광진구 동일로24길 80",37.5426842962331,127.069283097184,"0502-5550-6263",
"도시까스엔펍","source:kakao keyword export","서울 성동구 동일로 139",37.5449319169728,127.065190009429,"",
"369 홀덤펍","source:kakao keyword export","서울 광진구 능동로36길 9",37.5563007564326,127.079793779988,"010-2576-3369",
"망고라운지홀덤펍 성수점","source:kakao keyword export","서울 성동구 아차산로 93",37.5452372856598,127.054676774284,"",
"세븐펍","source:kakao keyword export","서울 광진구 능동로 354",37.56098992421381,127.08187113774105,"",
"미오펍","source:kakao keyword export","서울 동대문구 사가정로2길 18",37.5708920583017,127.051146806394,"070-8657-0130",
"리올홀덤펍","source:kakao keyword export","서울 성동구 마조로5길 3-3",37.5597499087826,127.040673447694,"010-6541-1150",
"아쿠아덕 피자 펍","source:kakao keyword export","서울 성동구 마장로 301",37.56638224439068,127.04293292810985,"010-9747-1986",
"아씨펍 한양대점","source:kakao keyword export","서울 성동구 마조로3가길 30",37.5597968867572,127.040305638458,"",
"더블업 홀덤펍 왕십리점","source:kakao keyword export","서울 성동구 마조로3가길 30",37.5598113023127,127.040306778022,"0507-1445-1283",
"카페일칠공","source:kakao keyword export","서울 강남구 학동로56길 37",37.514761150846624,127.04323136384468,"02-540-1707",
"블루클럽 아차산점","source:kakao keyword export","서울 광진구 천호대로129길 51",37.5538727679694,127.091910667681,"02-6368-8900",
"삼정EDM","source:kakao keyword export","서울 성동구 자동차시장1길 96",37.559848821084074,127.06840712925066,"1577-8914",
"기업은행 삼정EDM 무인 ATM","source:kakao keyword export","서울 성동구 자동차시장1길 96",37.559959775212654,127.06817973856234,"",
"정거장","source:kakao keyword export","서울 동대문구 한천로 190",37.57762988320583,127.0685501844161,"02-2244-5694",
"유니온스타볼링클럽","source:kakao keyword export","서울 성동구 연무장7길 12",37.5437424376717,127.054871441828,"02-461-0707",
"킹스홀덤펍","source:kakao keyword export","서울 성동구 왕십리로 348",37.563688238228,127.031603745402,"",
"펍스케일파트너스","source:kakao keyword export","서울 성동구 무학로 8-3",37.56492744194481,127.03033090733655,"02-999-7010",
"블랙펍","source:kakao keyword export","서울 중구 다산로44길 63",37.5652133681971,127.02052214003,"",
"오미자홀덤펍","source:kakao keyword export","서울 중구 난계로 185",37.5682428988264,127.023315435419,"010-2714-0102",
"속삭임카페펍","source:kakao keyword export","서울 성동구 마장로 137",37.569179854371804,127.02371643469932,"",
"망고라운지홀덤펍","source:kakao keyword export","서울 중구 난계로 185",37.5682510213968,127.023246390388,"",
"월드컵콜라텍","source:kakao keyword export","서울 서대문구 수색로 42",37.5702024160189,126.914057319416,"",
"환희나이트&노래연습장","source:kakao keyword export","서울 서대문구 수색로 26",37.5691638897974,126.915753028024,"",
"리얼펍 명지대점","source:kakao keyword export","서울 서대문구 증가로10길 36-7",37.5786482523344,126.924470713572,"02-2039-2340",
"더펍사운드온 가좌점","source:kakao keyword export","서울 서대문구 수색로 100",37.57611807854876,126.91125889564606,"",
"카페&펍0503","source:kakao keyword export","서울 은평구 응암로13길 28",37.5888783426907,126.914235124272,"",
